<?xml version="1.0" encoding="UTF-8" ?>
<extension version="2.5" type="plugin" group="vmpayment">
    <name>Suntech - 24payship</name>
    <creationDate>Jan 14 2017</creationDate>
    <author>紅陽支付</author>
    <authorUrl>https://www.esafe.com.tw</authorUrl>
    <copyright>Copyright</copyright>
    <license>http://www.gnu.org/licenses/gpl-3.0.html GNU/GPL</license>
    <version>1.0.0</version>

    <files>
        <filename plugin="24payship">24payship.php</filename>
        <filename>esafepay.php</filename>
    </files>
    <languages>
        <language tag="en-GB">en-GB.plg_vmpayment_24payship.ini</language>
        <language tag="zh-TW">zh-TW.plg_vmpayment_24payship.ini</language>
    </languages>
    <vmconfig>
        <fields name="params">
            <fieldset name="basic" addfieldpath="/administrator/components/com_virtuemart/fields">
                <field name="test_mode" type="radio" default="yes" label="VMPAYMENT_ESAFE_TEST_MODE" description="VMPAYMENT_ESAFE_TEST_MODE_EXPLAIN">
                    <option value="yes">VMPAYMENT_ESAFE_TEST_MODE_YES</option>
                    <option value="no">VMPAYMENT_ESAFE_TEST_MODE_NO</option>
                </field>
        
                <field type="text" required="true" name="storeid" size="50" label="VMPAYMENT_ESAFE_STOREID"
                       default="" description="VMPAYMENT_ESAFE_STOREID_TIP"/>
                <field type="text" required="true" name="storepwd" size="50" label="VMPAYMENT_ESAFE_PASSWORAD"
                       default="" description="VMPAYMENT_ESAFE_PASSWORAD_TIP"/>
                <field type="text" required="true" name="adddays" size="50" label="VMPAYMENT_ESAFE_ADDDAYS"
                       default="" description="VMPAYMENT_ESAFE_ADDDAYS_TIP"/>
                <field type="text" required="true" name="productname" size="50" label="VMPAYMENT_ESAFE_PRODUCTNAME"
                       default="" description="VMPAYMENT_ESAFE_PRODUCTNAME_TIP"/>
            </fieldset>
            <fieldset name="restrictions" >
                <field name="countries" multiple="true" type="vmcountries" scope="com_virtuemart" default=""
                       label="VMPAYMENT_STANDARD_COUNTRIES" description="VMPAYMENT_STANDARD_COUNTRIES_TIP"/>
                <field name="min_amount" type="text" label="VMPAYMENT_STANDARD_MIN_AMOUNT"
                       description="VMPAYMENT_STANDARD_MIN_AMOUNT_TIP"/>
                <field name="max_amount" type="text" label="VMPAYMENT_STANDARD_MAX_AMOUNT"
                       description="VMPAYMENT_STANDARD_MAX_AMOUNT_TIP"/>
            </fieldset>
        </fields>
    </vmconfig>
</extension>
