<?xml version="1.0" encoding="UTF-8" ?>
<extension version="2.5" type="plugin" group="vmpayment">
    <name>Suntech - webatmship</name>
    <creationDate>November 14 2016</creationDate>
    <author>紅陽支付</author>
    <authorUrl>https://www.esafe.com.tw</authorUrl>
    <copyright>Copyright</copyright>
    <license>http://www.gnu.org/licenses/gpl-3.0.html GNU/GPL</license>
    <version>1.0.0</version>

    <files>
        <filename plugin="webatmship">webatmship.php</filename>
        <filename>esafepay.php</filename>
    </files>
    <languages>
        <language tag="en-GB">en-GB.plg_vmpayment_webatmship.ini</language>
        <language tag="zh-TW">zh-TW.plg_vmpayment_webatmship.ini</language>
    </languages>
    <vmconfig>
        <fields name="params">
            <fieldset name="basic" addfieldpath="/administrator/components/com_virtuemart/fields">
                <field name="test_mode" type="radio" default="yes" label="VMPAYMENT_ESAFE_TEST_MODE" description="VMPAYMENT_ESAFE_TEST_MODE_EXPLAIN">
            		<option value="yes">VMPAYMENT_ESAFE_TEST_MODE_YES</option>
            		<option value="no">VMPAYMENT_ESAFE_TEST_MODE_NO</option>
        		</field>
        
                <field type="text" required="true" name="storeid" size="50" label="VMPAYMENT_ESAFE_STOREID"
                       default="" description="VMPAYMENT_ESAFE_STOREID_TIP"/>
                <field type="text" required="true" name="storepwd" size="50" label="VMPAYMENT_ESAFE_PASSWORAD"
                       default="" description="VMPAYMENT_ESAFE_PASSWORAD_TIP"/>
            </fieldset>
        </fields>
    </vmconfig>
</extension>
